sensor,locationId,altitude,lat,long,value,units,date
chlorophyll,Fko-LYcB0U_NvF-sOx7d_Profundidad: 3m_37.70940_-0.78552_-3,-3,37.7094,-0.78552,3.130866,microgram-per-liter,14/10/2022
chlorophyll,Fko-LYcB0U_NvF-sOx7d_Profundidad: 3m_37.70940_-0.78552_-3,-3,37.7094,-0.78552,1.759777,microgram-per-liter,15/10/2022
chlorophyll,Fko-LYcB0U_NvF-sOx7d_Profundidad: 3m_37.70940_-0.78552_-3,-3,37.7094,-0.78552,1.699824,microgram-per-liter,16/10/2022
chlorophyll,Fko-LYcB0U_NvF-sOx7d_Profundidad: 3m_37.70940_-0.78552_-3,-3,37.7094,-0.78552,1.241805,microgram-per-liter,17/10/2022
chlorophyll,Fko-LYcB0U_NvF-sOx7d_Profundidad: 3m_37.70940_-0.78552_-3,-3,37.7094,-0.78552,1.541103,microgram-per-liter,18/10/2022
chlorophyll,Fko-LYcB0U_NvF-sOx7d_Profundidad: 3m_37.70940_-0.78552_-3,-3,37.7094,-0.78552,1.942326,microgram-per-liter,19/10/2022
chlorophyll,Fko-LYcB0U_NvF-sOx7d_Profundidad: 3m_37.70940_-0.78552_-3,-3,37.7094,-0.78552,2.107080,microgram-per-liter,20/10/2022
chlorophyll,Fko-LYcB0U_NvF-sOx7d_Profundidad: 3m_37.70940_-0.78552_-3,-3,37.7094,-0.78552,1.845075,microgram-per-liter,21/10/2022
chlorophyll,Fko-LYcB0U_NvF-sOx7d_Profundidad: 3m_37.70940_-0.78552_-3,-3,37.7094,-0.78552,2.202847,microgram-per-liter,22/10/2022
chlorophyll,Fko-LYcB0U_NvF-sOx7d_Profundidad: 3m_37.70940_-0.78552_-3,-3,37.7094,-0.78552,1.770380,microgram-per-liter,23/10/2022
chlorophyll,Fko-LYcB0U_NvF-sOx7d_Profundidad: 3m_37.70940_-0.78552_-3,-3,37.7094,-0.78552,1.734651,microgram-per-liter,24/10/2022
chlorophyll,Fko-LYcB0U_NvF-sOx7d_Profundidad: 3m_37.70940_-0.78552_-3,-3,37.7094,-0.78552,1.894688,microgram-per-liter,25/10/2022
chlorophyll,Fko-LYcB0U_NvF-sOx7d_Profundidad: 3m_37.70940_-0.78552_-3,-3,37.7094,-0.78552,2.424370,microgram-per-liter,26/10/2022
chlorophyll,Fko-LYcB0U_NvF-sOx7d_Profundidad: 3m_37.70940_-0.78552_-3,-3,37.7094,-0.78552,2.543364,microgram-per-liter,27/10/2022
chlorophyll,Fko-LYcB0U_NvF-sOx7d_Profundidad: 3m_37.70940_-0.78552_-3,-3,37.7094,-0.78552,4.323371,microgram-per-liter,28/10/2022
chlorophyll,Fko-LYcB0U_NvF-sOx7d_Profundidad: 3m_37.70940_-0.78552_-3,-3,37.7094,-0.78552,2.811035,microgram-per-liter,29/10/2022
chlorophyll,Fko-LYcB0U_NvF-sOx7d_Profundidad: 3m_37.70940_-0.78552_-3,-3,37.7094,-0.78552,2.287492,microgram-per-liter,30/10/2022
chlorophyll,Fko-LYcB0U_NvF-sOx7d_Profundidad: 3m_37.70940_-0.78552_-3,-3,37.7094,-0.78552,2.665982,microgram-per-liter,31/10/2022
chlorophyll,Fko-LYcB0U_NvF-sOx7d_Profundidad: 3m_37.70940_-0.78552_-3,-3,37.7094,-0.78552,2.562156,microgram-per-liter,01/11/2022
chlorophyll,Fko-LYcB0U_NvF-sOx7d_Profundidad: 3m_37.70940_-0.78552_-3,-3,37.7094,-0.78552,1.734878,microgram-per-liter,02/11/2022
chlorophyll,Fko-LYcB0U_NvF-sOx7d_Profundidad: 3m_37.70940_-0.78552_-3,-3,37.7094,-0.78552,1.937703,microgram-per-liter,03/11/2022
chlorophyll,Fko-LYcB0U_NvF-sOx7d_Profundidad: 3m_37.70940_-0.78552_-3,-3,37.7094,-0.78552,2.050845,microgram-per-liter,04/11/2022
chlorophyll,Fko-LYcB0U_NvF-sOx7d_Profundidad: 3m_37.70940_-0.78552_-3,-3,37.7094,-0.78552,2.030507,microgram-per-liter,05/11/2022
chlorophyll,Fko-LYcB0U_NvF-sOx7d_Profundidad: 3m_37.70940_-0.78552_-3,-3,37.7094,-0.78552,1.857316,microgram-per-liter,06/11/2022
chlorophyll,Fko-LYcB0U_NvF-sOx7d_Profundidad: 3m_37.70940_-0.78552_-3,-3,37.7094,-0.78552,2.655930,microgram-per-liter,07/11/2022
chlorophyll,Fko-LYcB0U_NvF-sOx7d_Profundidad: 3m_37.70940_-0.78552_-3,-3,37.7094,-0.78552,10.659500,microgram-per-liter,08/11/2022
chlorophyll,Fko-LYcB0U_NvF-sOx7d_Profundidad: 3m_37.70940_-0.78552_-3,-3,37.7094,-0.78552,7.830446,microgram-per-liter,09/11/2022
chlorophyll,Fko-LYcB0U_NvF-sOx7d_Profundidad: 3m_37.70940_-0.78552_-3,-3,37.7094,-0.78552,3.527980,microgram-per-liter,10/11/2022
chlorophyll,Fko-LYcB0U_NvF-sOx7d_Profundidad: 3m_37.70940_-0.78552_-3,-3,37.7094,-0.78552,3.443439,microgram-per-liter,11/11/2022
chlorophyll,Fko-LYcB0U_NvF-sOx7d_Profundidad: 3m_37.70940_-0.78552_-3,-3,37.7094,-0.78552,2.746006,microgram-per-liter,12/11/2022
chlorophyll,Fko-LYcB0U_NvF-sOx7d_Profundidad: 3m_37.70940_-0.78552_-3,-3,37.7094,-0.78552,1.793640,microgram-per-liter,13/11/2022
chlorophyll,Fko-LYcB0U_NvF-sOx7d_Profundidad: 3m_37.70940_-0.78552_-3,-3,37.7094,-0.78552,1.557954,microgram-per-liter,14/11/2022
chlorophyll,Fko-LYcB0U_NvF-sOx7d_Profundidad: 3m_37.70940_-0.78552_-3,-3,37.7094,-0.78552,1.352696,microgram-per-liter,15/11/2022
chlorophyll,Fko-LYcB0U_NvF-sOx7d_Profundidad: 3m_37.70940_-0.78552_-3,-3,37.7094,-0.78552,1.861213,microgram-per-liter,16/11/2022
chlorophyll,Fko-LYcB0U_NvF-sOx7d_Profundidad: 3m_37.70940_-0.78552_-3,-3,37.7094,-0.78552,1.457843,microgram-per-liter,17/11/2022
chlorophyll,Fko-LYcB0U_NvF-sOx7d_Profundidad: 3m_37.70940_-0.78552_-3,-3,37.7094,-0.78552,2.310840,microgram-per-liter,18/11/2022
chlorophyll,Fko-LYcB0U_NvF-sOx7d_Profundidad: 3m_37.70940_-0.78552_-3,-3,37.7094,-0.78552,1.699364,microgram-per-liter,19/11/2022
chlorophyll,Fko-LYcB0U_NvF-sOx7d_Profundidad: 3m_37.70940_-0.78552_-3,-3,37.7094,-0.78552,1.485772,microgram-per-liter,20/11/2022
chlorophyll,Fko-LYcB0U_NvF-sOx7d_Profundidad: 3m_37.70940_-0.78552_-3,-3,37.7094,-0.78552,1.962838,microgram-per-liter,21/11/2022
chlorophyll,Fko-LYcB0U_NvF-sOx7d_Profundidad: 3m_37.70940_-0.78552_-3,-3,37.7094,-0.78552,1.786804,microgram-per-liter,22/11/2022
chlorophyll,Fko-LYcB0U_NvF-sOx7d_Profundidad: 3m_37.70940_-0.78552_-3,-3,37.7094,-0.78552,1.648828,microgram-per-liter,23/11/2022
chlorophyll,Fko-LYcB0U_NvF-sOx7d_Profundidad: 3m_37.70940_-0.78552_-3,-3,37.7094,-0.78552,1.602127,microgram-per-liter,24/11/2022
chlorophyll,Fko-LYcB0U_NvF-sOx7d_Profundidad: 3m_37.70940_-0.78552_-3,-3,37.7094,-0.78552,1.802015,microgram-per-liter,25/11/2022
chlorophyll,Fko-LYcB0U_NvF-sOx7d_Profundidad: 3m_37.70940_-0.78552_-3,-3,37.7094,-0.78552,1.743510,microgram-per-liter,26/11/2022
chlorophyll,Fko-LYcB0U_NvF-sOx7d_Profundidad: 3m_37.70940_-0.78552_-3,-3,37.7094,-0.78552,2.168651,microgram-per-liter,27/11/2022
chlorophyll,Fko-LYcB0U_NvF-sOx7d_Profundidad: 3m_37.70940_-0.78552_-3,-3,37.7094,-0.78552,1.661631,microgram-per-liter,28/11/2022
chlorophyll,Fko-LYcB0U_NvF-sOx7d_Profundidad: 3m_37.70940_-0.78552_-3,-3,37.7094,-0.78552,2.178326,microgram-per-liter,29/11/2022
chlorophyll,Fko-LYcB0U_NvF-sOx7d_Profundidad: 3m_37.70940_-0.78552_-3,-3,37.7094,-0.78552,1.899960,microgram-per-liter,30/11/2022
chlorophyll,Fko-LYcB0U_NvF-sOx7d_Profundidad: 3m_37.70940_-0.78552_-3,-3,37.7094,-0.78552,3.015230,microgram-per-liter,01/12/2022
chlorophyll,Fko-LYcB0U_NvF-sOx7d_Profundidad: 3m_37.70940_-0.78552_-3,-3,37.7094,-0.78552,3.282706,microgram-per-liter,02/12/2022
chlorophyll,Fko-LYcB0U_NvF-sOx7d_Profundidad: 3m_37.70940_-0.78552_-3,-3,37.7094,-0.78552,2.028520,microgram-per-liter,03/12/2022
chlorophyll,Fko-LYcB0U_NvF-sOx7d_Profundidad: 3m_37.70940_-0.78552_-3,-3,37.7094,-0.78552,2.267129,microgram-per-liter,04/12/2022
chlorophyll,Fko-LYcB0U_NvF-sOx7d_Profundidad: 3m_37.70940_-0.78552_-3,-3,37.7094,-0.78552,1.587535,microgram-per-liter,05/12/2022
chlorophyll,Fko-LYcB0U_NvF-sOx7d_Profundidad: 3m_37.70940_-0.78552_-3,-3,37.7094,-0.78552,3.689536,microgram-per-liter,06/12/2022
chlorophyll,Fko-LYcB0U_NvF-sOx7d_Profundidad: 3m_37.70940_-0.78552_-3,-3,37.7094,-0.78552,2.651372,microgram-per-liter,07/12/2022
chlorophyll,Fko-LYcB0U_NvF-sOx7d_Profundidad: 3m_37.70940_-0.78552_-3,-3,37.7094,-0.78552,2.731540,microgram-per-liter,08/12/2022
chlorophyll,Fko-LYcB0U_NvF-sOx7d_Profundidad: 3m_37.70940_-0.78552_-3,-3,37.7094,-0.78552,2.597896,microgram-per-liter,09/12/2022
chlorophyll,Fko-LYcB0U_NvF-sOx7d_Profundidad: 3m_37.70940_-0.78552_-3,-3,37.7094,-0.78552,2.700757,microgram-per-liter,10/12/2022
chlorophyll,Fko-LYcB0U_NvF-sOx7d_Profundidad: 3m_37.70940_-0.78552_-3,-3,37.7094,-0.78552,3.210724,microgram-per-liter,11/12/2022
chlorophyll,Fko-LYcB0U_NvF-sOx7d_Profundidad: 3m_37.70940_-0.78552_-3,-3,37.7094,-0.78552,2.174529,microgram-per-liter,12/12/2022
chlorophyll,Fko-LYcB0U_NvF-sOx7d_Profundidad: 3m_37.70940_-0.78552_-3,-3,37.7094,-0.78552,2.928680,microgram-per-liter,13/12/2022
chlorophyll,Fko-LYcB0U_NvF-sOx7d_Profundidad: 3m_37.70940_-0.78552_-3,-3,37.7094,-0.78552,3.045242,microgram-per-liter,14/12/2022
chlorophyll,Fko-LYcB0U_NvF-sOx7d_Profundidad: 3m_37.70940_-0.78552_-3,-3,37.7094,-0.78552,2.480671,microgram-per-liter,15/12/2022
chlorophyll,Fko-LYcB0U_NvF-sOx7d_Profundidad: 3m_37.70940_-0.78552_-3,-3,37.7094,-0.78552,1.867929,microgram-per-liter,16/12/2022
chlorophyll,Fko-LYcB0U_NvF-sOx7d_Profundidad: 3m_37.70940_-0.78552_-3,-3,37.7094,-0.78552,2.503770,microgram-per-liter,17/12/2022
chlorophyll,Fko-LYcB0U_NvF-sOx7d_Profundidad: 3m_37.70940_-0.78552_-3,-3,37.7094,-0.78552,2.759826,microgram-per-liter,18/12/2022
chlorophyll,Fko-LYcB0U_NvF-sOx7d_Profundidad: 3m_37.70940_-0.78552_-3,-3,37.7094,-0.78552,2.919617,microgram-per-liter,19/12/2022
chlorophyll,Fko-LYcB0U_NvF-sOx7d_Profundidad: 3m_37.70940_-0.78552_-3,-3,37.7094,-0.78552,2.077678,microgram-per-liter,20/12/2022
chlorophyll,Fko-LYcB0U_NvF-sOx7d_Profundidad: 3m_37.70940_-0.78552_-3,-3,37.7094,-0.78552,2.244673,microgram-per-liter,21/12/2022
chlorophyll,Fko-LYcB0U_NvF-sOx7d_Profundidad: 3m_37.70940_-0.78552_-3,-3,37.7094,-0.78552,2.208312,microgram-per-liter,22/12/2022
chlorophyll,Fko-LYcB0U_NvF-sOx7d_Profundidad: 3m_37.70940_-0.78552_-3,-3,37.7094,-0.78552,2.232504,microgram-per-liter,23/12/2022
chlorophyll,Fko-LYcB0U_NvF-sOx7d_Profundidad: 3m_37.70940_-0.78552_-3,-3,37.7094,-0.78552,2.183704,microgram-per-liter,24/12/2022
chlorophyll,Fko-LYcB0U_NvF-sOx7d_Profundidad: 3m_37.70940_-0.78552_-3,-3,37.7094,-0.78552,2.148304,microgram-per-liter,25/12/2022
chlorophyll,Fko-LYcB0U_NvF-sOx7d_Profundidad: 3m_37.70940_-0.78552_-3,-3,37.7094,-0.78552,2.023320,microgram-per-liter,26/12/2022
chlorophyll,Fko-LYcB0U_NvF-sOx7d_Profundidad: 3m_37.70940_-0.78552_-3,-3,37.7094,-0.78552,1.705692,microgram-per-liter,27/12/2022
chlorophyll,Fko-LYcB0U_NvF-sOx7d_Profundidad: 3m_37.70940_-0.78552_-3,-3,37.7094,-0.78552,1.797563,microgram-per-liter,28/12/2022
chlorophyll,Fko-LYcB0U_NvF-sOx7d_Profundidad: 3m_37.70940_-0.78552_-3,-3,37.7094,-0.78552,1.678696,microgram-per-liter,29/12/2022
chlorophyll,Fko-LYcB0U_NvF-sOx7d_Profundidad: 3m_37.70940_-0.78552_-3,-3,37.7094,-0.78552,1.661666,microgram-per-liter,30/12/2022
chlorophyll,Fko-LYcB0U_NvF-sOx7d_Profundidad: 3m_37.70940_-0.78552_-3,-3,37.7094,-0.78552,1.538861,microgram-per-liter,31/12/2022
chlorophyll,Fko-LYcB0U_NvF-sOx7d_Profundidad: 3m_37.70940_-0.78552_-3,-3,37.7094,-0.78552,1.660931,microgram-per-liter,01/01/2023
chlorophyll,Fko-LYcB0U_NvF-sOx7d_Profundidad: 3m_37.70940_-0.78552_-3,-3,37.7094,-0.78552,2.608695,microgram-per-liter,02/01/2023
chlorophyll,Fko-LYcB0U_NvF-sOx7d_Profundidad: 3m_37.70940_-0.78552_-3,-3,37.7094,-0.78552,2.387804,microgram-per-liter,03/01/2023
chlorophyll,Fko-LYcB0U_NvF-sOx7d_Profundidad: 3m_37.70940_-0.78552_-3,-3,37.7094,-0.78552,1.599119,microgram-per-liter,04/01/2023
chlorophyll,Fko-LYcB0U_NvF-sOx7d_Profundidad: 3m_37.70940_-0.78552_-3,-3,37.7094,-0.78552,1.583900,microgram-per-liter,05/01/2023
chlorophyll,Fko-LYcB0U_NvF-sOx7d_Profundidad: 3m_37.70940_-0.78552_-3,-3,37.7094,-0.78552,1.422566,microgram-per-liter,06/01/2023
chlorophyll,Fko-LYcB0U_NvF-sOx7d_Profundidad: 3m_37.70940_-0.78552_-3,-3,37.7094,-0.78552,1.482471,microgram-per-liter,07/01/2023
chlorophyll,Fko-LYcB0U_NvF-sOx7d_Profundidad: 3m_37.70940_-0.78552_-3,-3,37.7094,-0.78552,2.069602,microgram-per-liter,08/01/2023
chlorophyll,Fko-LYcB0U_NvF-sOx7d_Profundidad: 3m_37.70940_-0.78552_-3,-3,37.7094,-0.78552,1.425125,microgram-per-liter,09/01/2023
chlorophyll,Fko-LYcB0U_NvF-sOx7d_Profundidad: 3m_37.70940_-0.78552_-3,-3,37.7094,-0.78552,1.361430,microgram-per-liter,10/01/2023
chlorophyll,Fko-LYcB0U_NvF-sOx7d_Profundidad: 3m_37.70940_-0.78552_-3,-3,37.7094,-0.78552,1.589615,microgram-per-liter,11/01/2023
chlorophyll,Fko-LYcB0U_NvF-sOx7d_Profundidad: 3m_37.70940_-0.78552_-3,-3,37.7094,-0.78552,1.619450,microgram-per-liter,12/01/2023
chlorophyll,Fko-LYcB0U_NvF-sOx7d_Profundidad: 3m_37.70940_-0.78552_-3,-3,37.7094,-0.78552,1.700277,microgram-per-liter,13/01/2023
chlorophyll,Fko-LYcB0U_NvF-sOx7d_Profundidad: 3m_37.70940_-0.78552_-3,-3,37.7094,-0.78552,1.244325,microgram-per-liter,14/01/2023
chlorophyll,Fko-LYcB0U_NvF-sOx7d_Profundidad: 3m_37.70940_-0.78552_-3,-3,37.7094,-0.78552,1.494572,microgram-per-liter,15/01/2023
chlorophyll,Fko-LYcB0U_NvF-sOx7d_Profundidad: 3m_37.70940_-0.78552_-3,-3,37.7094,-0.78552,1.250838,microgram-per-liter,16/01/2023
chlorophyll,Fko-LYcB0U_NvF-sOx7d_Profundidad: 3m_37.70940_-0.78552_-3,-3,37.7094,-0.78552,1.070257,microgram-per-liter,17/01/2023
chlorophyll,Fko-LYcB0U_NvF-sOx7d_Profundidad: 3m_37.70940_-0.78552_-3,-3,37.7094,-0.78552,1.891003,microgram-per-liter,18/01/2023
chlorophyll,Fko-LYcB0U_NvF-sOx7d_Profundidad: 3m_37.70940_-0.78552_-3,-3,37.7094,-0.78552,1.237494,microgram-per-liter,19/01/2023
chlorophyll,Fko-LYcB0U_NvF-sOx7d_Profundidad: 3m_37.70940_-0.78552_-3,-3,37.7094,-0.78552,0.967690,microgram-per-liter,20/01/2023
chlorophyll,Fko-LYcB0U_NvF-sOx7d_Profundidad: 3m_37.70940_-0.78552_-3,-3,37.7094,-0.78552,0.966766,microgram-per-liter,21/01/2023
chlorophyll,Fko-LYcB0U_NvF-sOx7d_Profundidad: 3m_37.70940_-0.78552_-3,-3,37.7094,-0.78552,0.737773,microgram-per-liter,22/01/2023
chlorophyll,Fko-LYcB0U_NvF-sOx7d_Profundidad: 3m_37.70940_-0.78552_-3,-3,37.7094,-0.78552,0.656412,microgram-per-liter,23/01/2023
chlorophyll,Fko-LYcB0U_NvF-sOx7d_Profundidad: 3m_37.70940_-0.78552_-3,-3,37.7094,-0.78552,1.174019,microgram-per-liter,24/01/2023
chlorophyll,Fko-LYcB0U_NvF-sOx7d_Profundidad: 3m_37.70940_-0.78552_-3,-3,37.7094,-0.78552,0.686024,microgram-per-liter,25/01/2023
chlorophyll,Fko-LYcB0U_NvF-sOx7d_Profundidad: 3m_37.70940_-0.78552_-3,-3,37.7094,-0.78552,0.723731,microgram-per-liter,26/01/2023
chlorophyll,Fko-LYcB0U_NvF-sOx7d_Profundidad: 3m_37.70940_-0.78552_-3,-3,37.7094,-0.78552,0.579531,microgram-per-liter,27/01/2023
chlorophyll,Fko-LYcB0U_NvF-sOx7d_Profundidad: 3m_37.70940_-0.78552_-3,-3,37.7094,-0.78552,0.619117,microgram-per-liter,28/01/2023
chlorophyll,Fko-LYcB0U_NvF-sOx7d_Profundidad: 3m_37.70940_-0.78552_-3,-3,37.7094,-0.78552,0.835680,microgram-per-liter,29/01/2023
chlorophyll,Fko-LYcB0U_NvF-sOx7d_Profundidad: 3m_37.70940_-0.78552_-3,-3,37.7094,-0.78552,0.539906,microgram-per-liter,30/01/2023
chlorophyll,Fko-LYcB0U_NvF-sOx7d_Profundidad: 3m_37.70940_-0.78552_-3,-3,37.7094,-0.78552,0.508999,microgram-per-liter,31/01/2023
chlorophyll,Fko-LYcB0U_NvF-sOx7d_Profundidad: 3m_37.70940_-0.78552_-3,-3,37.7094,-0.78552,0.513987,microgram-per-liter,01/02/2023
chlorophyll,Fko-LYcB0U_NvF-sOx7d_Profundidad: 3m_37.70940_-0.78552_-3,-3,37.7094,-0.78552,0.517389,microgram-per-liter,02/02/2023
chlorophyll,Fko-LYcB0U_NvF-sOx7d_Profundidad: 3m_37.70940_-0.78552_-3,-3,37.7094,-0.78552,0.517107,microgram-per-liter,03/02/2023
chlorophyll,Fko-LYcB0U_NvF-sOx7d_Profundidad: 3m_37.70940_-0.78552_-3,-3,37.7094,-0.78552,0.671957,microgram-per-liter,04/02/2023
chlorophyll,Fko-LYcB0U_NvF-sOx7d_Profundidad: 3m_37.70940_-0.78552_-3,-3,37.7094,-0.78552,0.892789,microgram-per-liter,05/02/2023
chlorophyll,Fko-LYcB0U_NvF-sOx7d_Profundidad: 3m_37.70940_-0.78552_-3,-3,37.7094,-0.78552,0.651530,microgram-per-liter,06/02/2023
chlorophyll,Fko-LYcB0U_NvF-sOx7d_Profundidad: 3m_37.70940_-0.78552_-3,-3,37.7094,-0.78552,0.810194,microgram-per-liter,07/02/2023
chlorophyll,Fko-LYcB0U_NvF-sOx7d_Profundidad: 3m_37.70940_-0.78552_-3,-3,37.7094,-0.78552,0.922001,microgram-per-liter,08/02/2023
chlorophyll,Fko-LYcB0U_NvF-sOx7d_Profundidad: 3m_37.70940_-0.78552_-3,-3,37.7094,-0.78552,0.710757,microgram-per-liter,09/02/2023
chlorophyll,Fko-LYcB0U_NvF-sOx7d_Profundidad: 3m_37.70940_-0.78552_-3,-3,37.7094,-0.78552,0.880588,microgram-per-liter,10/02/2023
chlorophyll,Fko-LYcB0U_NvF-sOx7d_Profundidad: 3m_37.70940_-0.78552_-3,-3,37.7094,-0.78552,0.607190,microgram-per-liter,11/02/2023
chlorophyll,Fko-LYcB0U_NvF-sOx7d_Profundidad: 3m_37.70940_-0.78552_-3,-3,37.7094,-0.78552,1.017930,microgram-per-liter,12/02/2023
chlorophyll,Fko-LYcB0U_NvF-sOx7d_Profundidad: 3m_37.70940_-0.78552_-3,-3,37.7094,-0.78552,0.851168,microgram-per-liter,13/02/2023
chlorophyll,Fko-LYcB0U_NvF-sOx7d_Profundidad: 3m_37.70940_-0.78552_-3,-3,37.7094,-0.78552,0.874915,microgram-per-liter,14/02/2023
chlorophyll,Fko-LYcB0U_NvF-sOx7d_Profundidad: 3m_37.70940_-0.78552_-3,-3,37.7094,-0.78552,0.810753,microgram-per-liter,15/02/2023
chlorophyll,Fko-LYcB0U_NvF-sOx7d_Profundidad: 3m_37.70940_-0.78552_-3,-3,37.7094,-0.78552,0.882780,microgram-per-liter,16/02/2023
chlorophyll,Fko-LYcB0U_NvF-sOx7d_Profundidad: 3m_37.70940_-0.78552_-3,-3,37.7094,-0.78552,0.699927,microgram-per-liter,17/02/2023
chlorophyll,Fko-LYcB0U_NvF-sOx7d_Profundidad: 3m_37.70940_-0.78552_-3,-3,37.7094,-0.78552,0.563777,microgram-per-liter,18/02/2023
chlorophyll,Fko-LYcB0U_NvF-sOx7d_Profundidad: 3m_37.70940_-0.78552_-3,-3,37.7094,-0.78552,0.509745,microgram-per-liter,19/02/2023
chlorophyll,Fko-LYcB0U_NvF-sOx7d_Profundidad: 3m_37.70940_-0.78552_-3,-3,37.7094,-0.78552,0.582802,microgram-per-liter,20/02/2023
chlorophyll,Fko-LYcB0U_NvF-sOx7d_Profundidad: 3m_37.70940_-0.78552_-3,-3,37.7094,-0.78552,0.525178,microgram-per-liter,21/02/2023
chlorophyll,Fko-LYcB0U_NvF-sOx7d_Profundidad: 3m_37.70940_-0.78552_-3,-3,37.7094,-0.78552,0.500721,microgram-per-liter,22/02/2023
chlorophyll,Fko-LYcB0U_NvF-sOx7d_Profundidad: 3m_37.70940_-0.78552_-3,-3,37.7094,-0.78552,0.608039,microgram-per-liter,23/02/2023
chlorophyll,Fko-LYcB0U_NvF-sOx7d_Profundidad: 3m_37.70940_-0.78552_-3,-3,37.7094,-0.78552,0.876737,microgram-per-liter,24/02/2023
chlorophyll,Fko-LYcB0U_NvF-sOx7d_Profundidad: 3m_37.70940_-0.78552_-3,-3,37.7094,-0.78552,0.697968,microgram-per-liter,25/02/2023
chlorophyll,Fko-LYcB0U_NvF-sOx7d_Profundidad: 3m_37.70940_-0.78552_-3,-3,37.7094,-0.78552,0.479851,microgram-per-liter,26/02/2023
chlorophyll,Fko-LYcB0U_NvF-sOx7d_Profundidad: 3m_37.70940_-0.78552_-3,-3,37.7094,-0.78552,0.805782,microgram-per-liter,27/02/2023
chlorophyll,Fko-LYcB0U_NvF-sOx7d_Profundidad: 3m_37.70940_-0.78552_-3,-3,37.7094,-0.78552,0.456851,microgram-per-liter,28/02/2023
chlorophyll,Fko-LYcB0U_NvF-sOx7d_Profundidad: 3m_37.70940_-0.78552_-3,-3,37.7094,-0.78552,0.433841,microgram-per-liter,01/03/2023
chlorophyll,Fko-LYcB0U_NvF-sOx7d_Profundidad: 3m_37.70940_-0.78552_-3,-3,37.7094,-0.78552,0.465208,microgram-per-liter,02/03/2023
chlorophyll,Fko-LYcB0U_NvF-sOx7d_Profundidad: 3m_37.70940_-0.78552_-3,-3,37.7094,-0.78552,0.420274,microgram-per-liter,03/03/2023
chlorophyll,Fko-LYcB0U_NvF-sOx7d_Profundidad: 3m_37.70940_-0.78552_-3,-3,37.7094,-0.78552,0.420128,microgram-per-liter,04/03/2023
chlorophyll,Fko-LYcB0U_NvF-sOx7d_Profundidad: 3m_37.70940_-0.78552_-3,-3,37.7094,-0.78552,0.513323,microgram-per-liter,05/03/2023
chlorophyll,Fko-LYcB0U_NvF-sOx7d_Profundidad: 3m_37.70940_-0.78552_-3,-3,37.7094,-0.78552,0.650124,microgram-per-liter,06/03/2023
chlorophyll,Fko-LYcB0U_NvF-sOx7d_Profundidad: 3m_37.70940_-0.78552_-3,-3,37.7094,-0.78552,0.599378,microgram-per-liter,07/03/2023
chlorophyll,Fko-LYcB0U_NvF-sOx7d_Profundidad: 3m_37.70940_-0.78552_-3,-3,37.7094,-0.78552,0.588902,microgram-per-liter,08/03/2023
chlorophyll,Fko-LYcB0U_NvF-sOx7d_Profundidad: 3m_37.70940_-0.78552_-3,-3,37.7094,-0.78552,1.150540,microgram-per-liter,09/03/2023
chlorophyll,Fko-LYcB0U_NvF-sOx7d_Profundidad: 3m_37.70940_-0.78552_-3,-3,37.7094,-0.78552,0.656749,microgram-per-liter,10/03/2023
chlorophyll,Fko-LYcB0U_NvF-sOx7d_Profundidad: 3m_37.70940_-0.78552_-3,-3,37.7094,-0.78552,0.693301,microgram-per-liter,11/03/2023
chlorophyll,Fko-LYcB0U_NvF-sOx7d_Profundidad: 3m_37.70940_-0.78552_-3,-3,37.7094,-0.78552,0.715506,microgram-per-liter,12/03/2023
chlorophyll,Fko-LYcB0U_NvF-sOx7d_Profundidad: 3m_37.70940_-0.78552_-3,-3,37.7094,-0.78552,0.655511,microgram-per-liter,13/03/2023
chlorophyll,Fko-LYcB0U_NvF-sOx7d_Profundidad: 3m_37.70940_-0.78552_-3,-3,37.7094,-0.78552,0.617741,microgram-per-liter,14/03/2023
chlorophyll,Fko-LYcB0U_NvF-sOx7d_Profundidad: 3m_37.70940_-0.78552_-3,-3,37.7094,-0.78552,0.619074,microgram-per-liter,15/03/2023
chlorophyll,Fko-LYcB0U_NvF-sOx7d_Profundidad: 3m_37.70940_-0.78552_-3,-3,37.7094,-0.78552,0.593725,microgram-per-liter,16/03/2023
chlorophyll,Fko-LYcB0U_NvF-sOx7d_Profundidad: 3m_37.70940_-0.78552_-3,-3,37.7094,-0.78552,0.615318,microgram-per-liter,17/03/2023
chlorophyll,Fko-LYcB0U_NvF-sOx7d_Profundidad: 3m_37.70940_-0.78552_-3,-3,37.7094,-0.78552,0.799599,microgram-per-liter,18/03/2023
chlorophyll,Fko-LYcB0U_NvF-sOx7d_Profundidad: 3m_37.70940_-0.78552_-3,-3,37.7094,-0.78552,0.559883,microgram-per-liter,19/03/2023
chlorophyll,Fko-LYcB0U_NvF-sOx7d_Profundidad: 3m_37.70940_-0.78552_-3,-3,37.7094,-0.78552,0.509646,microgram-per-liter,20/03/2023
chlorophyll,Fko-LYcB0U_NvF-sOx7d_Profundidad: 3m_37.70940_-0.78552_-3,-3,37.7094,-0.78552,0.516613,microgram-per-liter,21/03/2023
chlorophyll,Fko-LYcB0U_NvF-sOx7d_Profundidad: 3m_37.70940_-0.78552_-3,-3,37.7094,-0.78552,0.485695,microgram-per-liter,22/03/2023
chlorophyll,Fko-LYcB0U_NvF-sOx7d_Profundidad: 3m_37.70940_-0.78552_-3,-3,37.7094,-0.78552,0.473058,microgram-per-liter,23/03/2023
chlorophyll,Fko-LYcB0U_NvF-sOx7d_Profundidad: 3m_37.70940_-0.78552_-3,-3,37.7094,-0.78552,0.517806,microgram-per-liter,24/03/2023
chlorophyll,Fko-LYcB0U_NvF-sOx7d_Profundidad: 3m_37.70940_-0.78552_-3,-3,37.7094,-0.78552,0.541810,microgram-per-liter,25/03/2023
chlorophyll,Fko-LYcB0U_NvF-sOx7d_Profundidad: 3m_37.70940_-0.78552_-3,-3,37.7094,-0.78552,0.752103,microgram-per-liter,26/03/2023
chlorophyll,Fko-LYcB0U_NvF-sOx7d_Profundidad: 3m_37.70940_-0.78552_-3,-3,37.7094,-0.78552,0.550577,microgram-per-liter,27/03/2023
chlorophyll,Fko-LYcB0U_NvF-sOx7d_Profundidad: 3m_37.70940_-0.78552_-3,-3,37.7094,-0.78552,0.476622,microgram-per-liter,28/03/2023
chlorophyll,Fko-LYcB0U_NvF-sOx7d_Profundidad: 3m_37.70940_-0.78552_-3,-3,37.7094,-0.78552,0.471224,microgram-per-liter,29/03/2023
chlorophyll,Fko-LYcB0U_NvF-sOx7d_Profundidad: 3m_37.70940_-0.78552_-3,-3,37.7094,-0.78552,0.591803,microgram-per-liter,30/03/2023
chlorophyll,Fko-LYcB0U_NvF-sOx7d_Profundidad: 3m_37.70940_-0.78552_-3,-3,37.7094,-0.78552,0.618563,microgram-per-liter,31/03/2023
chlorophyll,Fko-LYcB0U_NvF-sOx7d_Profundidad: 3m_37.70940_-0.78552_-3,-3,37.7094,-0.78552,0.588602,microgram-per-liter,01/04/2023
chlorophyll,Fko-LYcB0U_NvF-sOx7d_Profundidad: 3m_37.70940_-0.78552_-3,-3,37.7094,-0.78552,0.536783,microgram-per-liter,02/04/2023
chlorophyll,Fko-LYcB0U_NvF-sOx7d_Profundidad: 3m_37.70940_-0.78552_-3,-3,37.7094,-0.78552,0.514658,microgram-per-liter,03/04/2023
chlorophyll,Fko-LYcB0U_NvF-sOx7d_Profundidad: 3m_37.70940_-0.78552_-3,-3,37.7094,-0.78552,0.633434,microgram-per-liter,04/04/2023
chlorophyll,Fko-LYcB0U_NvF-sOx7d_Profundidad: 3m_37.70940_-0.78552_-3,-3,37.7094,-0.78552,0.641567,microgram-per-liter,05/04/2023
chlorophyll,Fko-LYcB0U_NvF-sOx7d_Profundidad: 3m_37.70940_-0.78552_-3,-3,37.7094,-0.78552,0.649655,microgram-per-liter,06/04/2023
chlorophyll,Fko-LYcB0U_NvF-sOx7d_Profundidad: 3m_37.70940_-0.78552_-3,-3,37.7094,-0.78552,0.504527,microgram-per-liter,07/04/2023
chlorophyll,Fko-LYcB0U_NvF-sOx7d_Profundidad: 3m_37.70940_-0.78552_-3,-3,37.7094,-0.78552,0.522563,microgram-per-liter,08/04/2023
chlorophyll,Fko-LYcB0U_NvF-sOx7d_Profundidad: 3m_37.70940_-0.78552_-3,-3,37.7094,-0.78552,0.487533,microgram-per-liter,09/04/2023
chlorophyll,Fko-LYcB0U_NvF-sOx7d_Profundidad: 3m_37.70940_-0.78552_-3,-3,37.7094,-0.78552,0.525991,microgram-per-liter,10/04/2023
chlorophyll,Fko-LYcB0U_NvF-sOx7d_Profundidad: 3m_37.70940_-0.78552_-3,-3,37.7094,-0.78552,0.602096,microgram-per-liter,11/04/2023
chlorophyll,Fko-LYcB0U_NvF-sOx7d_Profundidad: 3m_37.70940_-0.78552_-3,-3,37.7094,-0.78552,0.590056,microgram-per-liter,12/04/2023
chlorophyll,Fko-LYcB0U_NvF-sOx7d_Profundidad: 3m_37.70940_-0.78552_-3,-3,37.7094,-0.78552,0.540151,microgram-per-liter,13/04/2023
chlorophyll,Fko-LYcB0U_NvF-sOx7d_Profundidad: 3m_37.70940_-0.78552_-3,-3,37.7094,-0.78552,0.466074,microgram-per-liter,14/04/2023
chlorophyll,Fko-LYcB0U_NvF-sOx7d_Profundidad: 3m_37.70940_-0.78552_-3,-3,37.7094,-0.78552,0.467361,microgram-per-liter,15/04/2023
chlorophyll,Fko-LYcB0U_NvF-sOx7d_Profundidad: 3m_37.70940_-0.78552_-3,-3,37.7094,-0.78552,0.461249,microgram-per-liter,16/04/2023
chlorophyll,Fko-LYcB0U_NvF-sOx7d_Profundidad: 3m_37.70940_-0.78552_-3,-3,37.7094,-0.78552,0.526998,microgram-per-liter,17/04/2023
chlorophyll,Fko-LYcB0U_NvF-sOx7d_Profundidad: 3m_37.70940_-0.78552_-3,-3,37.7094,-0.78552,0.527533,microgram-per-liter,18/04/2023
chlorophyll,Fko-LYcB0U_NvF-sOx7d_Profundidad: 3m_37.70940_-0.78552_-3,-3,37.7094,-0.78552,0.552313,microgram-per-liter,19/04/2023
chlorophyll,Fko-LYcB0U_NvF-sOx7d_Profundidad: 3m_37.70940_-0.78552_-3,-3,37.7094,-0.78552,0.628665,microgram-per-liter,20/04/2023
chlorophyll,Fko-LYcB0U_NvF-sOx7d_Profundidad: 3m_37.70940_-0.78552_-3,-3,37.7094,-0.78552,0.427890,microgram-per-liter,21/04/2023
chlorophyll,Fko-LYcB0U_NvF-sOx7d_Profundidad: 3m_37.70940_-0.78552_-3,-3,37.7094,-0.78552,0.500160,microgram-per-liter,22/04/2023
chlorophyll,Fko-LYcB0U_NvF-sOx7d_Profundidad: 3m_37.70940_-0.78552_-3,-3,37.7094,-0.78552,0.586213,microgram-per-liter,23/04/2023
chlorophyll,Fko-LYcB0U_NvF-sOx7d_Profundidad: 3m_37.70940_-0.78552_-3,-3,37.7094,-0.78552,0.504172,microgram-per-liter,24/04/2023
chlorophyll,Fko-LYcB0U_NvF-sOx7d_Profundidad: 3m_37.70940_-0.78552_-3,-3,37.7094,-0.78552,0.432768,microgram-per-liter,25/04/2023
chlorophyll,Fko-LYcB0U_NvF-sOx7d_Profundidad: 3m_37.70940_-0.78552_-3,-3,37.7094,-0.78552,0.395489,microgram-per-liter,26/04/2023
chlorophyll,Fko-LYcB0U_NvF-sOx7d_Profundidad: 3m_37.70940_-0.78552_-3,-3,37.7094,-0.78552,0.508183,microgram-per-liter,27/04/2023
chlorophyll,Fko-LYcB0U_NvF-sOx7d_Profundidad: 3m_37.70940_-0.78552_-3,-3,37.7094,-0.78552,0.546087,microgram-per-liter,28/04/2023
chlorophyll,Fko-LYcB0U_NvF-sOx7d_Profundidad: 3m_37.70940_-0.78552_-3,-3,37.7094,-0.78552,0.559652,microgram-per-liter,29/04/2023
chlorophyll,Fko-LYcB0U_NvF-sOx7d_Profundidad: 3m_37.70940_-0.78552_-3,-3,37.7094,-0.78552,0.511235,microgram-per-liter,30/04/2023
chlorophyll,Fko-LYcB0U_NvF-sOx7d_Profundidad: 3m_37.70940_-0.78552_-3,-3,37.7094,-0.78552,0.449604,microgram-per-liter,01/05/2023
chlorophyll,Fko-LYcB0U_NvF-sOx7d_Profundidad: 3m_37.70940_-0.78552_-3,-3,37.7094,-0.78552,0.580439,microgram-per-liter,02/05/2023
chlorophyll,Fko-LYcB0U_NvF-sOx7d_Profundidad: 3m_37.70940_-0.78552_-3,-3,37.7094,-0.78552,0.599557,microgram-per-liter,03/05/2023
chlorophyll,Fko-LYcB0U_NvF-sOx7d_Profundidad: 3m_37.70940_-0.78552_-3,-3,37.7094,-0.78552,0.760764,microgram-per-liter,04/05/2023
chlorophyll,Fko-LYcB0U_NvF-sOx7d_Profundidad: 3m_37.70940_-0.78552_-3,-3,37.7094,-0.78552,0.514246,microgram-per-liter,05/05/2023
chlorophyll,Fko-LYcB0U_NvF-sOx7d_Profundidad: 3m_37.70940_-0.78552_-3,-3,37.7094,-0.78552,0.667601,microgram-per-liter,06/05/2023
chlorophyll,Fko-LYcB0U_NvF-sOx7d_Profundidad: 3m_37.70940_-0.78552_-3,-3,37.7094,-0.78552,0.874438,microgram-per-liter,26/05/2023
chlorophyll,Fko-LYcB0U_NvF-sOx7d_Profundidad: 3m_37.70940_-0.78552_-3,-3,37.7094,-0.78552,0.638652,microgram-per-liter,27/05/2023
chlorophyll,Fko-LYcB0U_NvF-sOx7d_Profundidad: 3m_37.70940_-0.78552_-3,-3,37.7094,-0.78552,0.772037,microgram-per-liter,28/05/2023
chlorophyll,Fko-LYcB0U_NvF-sOx7d_Profundidad: 3m_37.70940_-0.78552_-3,-3,37.7094,-0.78552,0.421497,microgram-per-liter,29/05/2023
chlorophyll,Fko-LYcB0U_NvF-sOx7d_Profundidad: 3m_37.70940_-0.78552_-3,-3,37.7094,-0.78552,0.558066,microgram-per-liter,30/05/2023