sensor,locationId,altitude,lat,long,value,units,date
turbidity,Fko-LYcB0U_NvF-sOx7d_Profundidad: 3m_37.70940_-0.78552_-3,-3,37.7094,-0.78552,2.018705,units,14/10/2022
turbidity,Fko-LYcB0U_NvF-sOx7d_Profundidad: 3m_37.70940_-0.78552_-3,-3,37.7094,-0.78552,1.678555,units,15/10/2022
turbidity,Fko-LYcB0U_NvF-sOx7d_Profundidad: 3m_37.70940_-0.78552_-3,-3,37.7094,-0.78552,1.573929,units,16/10/2022
turbidity,Fko-LYcB0U_NvF-sOx7d_Profundidad: 3m_37.70940_-0.78552_-3,-3,37.7094,-0.78552,1.638385,units,17/10/2022
turbidity,Fko-LYcB0U_NvF-sOx7d_Profundidad: 3m_37.70940_-0.78552_-3,-3,37.7094,-0.78552,2.026657,units,18/10/2022
turbidity,Fko-LYcB0U_NvF-sOx7d_Profundidad: 3m_37.70940_-0.78552_-3,-3,37.7094,-0.78552,1.838132,units,19/10/2022
turbidity,Fko-LYcB0U_NvF-sOx7d_Profundidad: 3m_37.70940_-0.78552_-3,-3,37.7094,-0.78552,1.591054,units,20/10/2022
turbidity,Fko-LYcB0U_NvF-sOx7d_Profundidad: 3m_37.70940_-0.78552_-3,-3,37.7094,-0.78552,1.711483,units,21/10/2022
turbidity,Fko-LYcB0U_NvF-sOx7d_Profundidad: 3m_37.70940_-0.78552_-3,-3,37.7094,-0.78552,1.506093,units,22/10/2022
turbidity,Fko-LYcB0U_NvF-sOx7d_Profundidad: 3m_37.70940_-0.78552_-3,-3,37.7094,-0.78552,1.614286,units,23/10/2022
turbidity,Fko-LYcB0U_NvF-sOx7d_Profundidad: 3m_37.70940_-0.78552_-3,-3,37.7094,-0.78552,1.551132,units,24/10/2022
turbidity,Fko-LYcB0U_NvF-sOx7d_Profundidad: 3m_37.70940_-0.78552_-3,-3,37.7094,-0.78552,1.724996,units,25/10/2022
turbidity,Fko-LYcB0U_NvF-sOx7d_Profundidad: 3m_37.70940_-0.78552_-3,-3,37.7094,-0.78552,2.342278,units,26/10/2022
turbidity,Fko-LYcB0U_NvF-sOx7d_Profundidad: 3m_37.70940_-0.78552_-3,-3,37.7094,-0.78552,2.247226,units,27/10/2022
turbidity,Fko-LYcB0U_NvF-sOx7d_Profundidad: 3m_37.70940_-0.78552_-3,-3,37.7094,-0.78552,3.268326,units,28/10/2022
turbidity,Fko-LYcB0U_NvF-sOx7d_Profundidad: 3m_37.70940_-0.78552_-3,-3,37.7094,-0.78552,2.097146,units,29/10/2022
turbidity,Fko-LYcB0U_NvF-sOx7d_Profundidad: 3m_37.70940_-0.78552_-3,-3,37.7094,-0.78552,1.828581,units,30/10/2022
turbidity,Fko-LYcB0U_NvF-sOx7d_Profundidad: 3m_37.70940_-0.78552_-3,-3,37.7094,-0.78552,1.729779,units,31/10/2022
turbidity,Fko-LYcB0U_NvF-sOx7d_Profundidad: 3m_37.70940_-0.78552_-3,-3,37.7094,-0.78552,1.712347,units,01/11/2022
turbidity,Fko-LYcB0U_NvF-sOx7d_Profundidad: 3m_37.70940_-0.78552_-3,-3,37.7094,-0.78552,1.715078,units,02/11/2022
turbidity,Fko-LYcB0U_NvF-sOx7d_Profundidad: 3m_37.70940_-0.78552_-3,-3,37.7094,-0.78552,1.709031,units,03/11/2022
turbidity,Fko-LYcB0U_NvF-sOx7d_Profundidad: 3m_37.70940_-0.78552_-3,-3,37.7094,-0.78552,1.741434,units,04/11/2022
turbidity,Fko-LYcB0U_NvF-sOx7d_Profundidad: 3m_37.70940_-0.78552_-3,-3,37.7094,-0.78552,1.995752,units,05/11/2022
turbidity,Fko-LYcB0U_NvF-sOx7d_Profundidad: 3m_37.70940_-0.78552_-3,-3,37.7094,-0.78552,1.890472,units,06/11/2022
turbidity,Fko-LYcB0U_NvF-sOx7d_Profundidad: 3m_37.70940_-0.78552_-3,-3,37.7094,-0.78552,2.07023,units,07/11/2022
turbidity,Fko-LYcB0U_NvF-sOx7d_Profundidad: 3m_37.70940_-0.78552_-3,-3,37.7094,-0.78552,2.857711,units,08/11/2022
turbidity,Fko-LYcB0U_NvF-sOx7d_Profundidad: 3m_37.70940_-0.78552_-3,-3,37.7094,-0.78552,2.996992,units,09/11/2022
turbidity,Fko-LYcB0U_NvF-sOx7d_Profundidad: 3m_37.70940_-0.78552_-3,-3,37.7094,-0.78552,2.092083,units,10/11/2022
turbidity,Fko-LYcB0U_NvF-sOx7d_Profundidad: 3m_37.70940_-0.78552_-3,-3,37.7094,-0.78552,2.24457,units,11/11/2022
turbidity,Fko-LYcB0U_NvF-sOx7d_Profundidad: 3m_37.70940_-0.78552_-3,-3,37.7094,-0.78552,2.011691,units,12/11/2022
turbidity,Fko-LYcB0U_NvF-sOx7d_Profundidad: 3m_37.70940_-0.78552_-3,-3,37.7094,-0.78552,1.955413,units,13/11/2022
turbidity,Fko-LYcB0U_NvF-sOx7d_Profundidad: 3m_37.70940_-0.78552_-3,-3,37.7094,-0.78552,1.788179,units,14/11/2022
turbidity,Fko-LYcB0U_NvF-sOx7d_Profundidad: 3m_37.70940_-0.78552_-3,-3,37.7094,-0.78552,1.782379,units,15/11/2022
turbidity,Fko-LYcB0U_NvF-sOx7d_Profundidad: 3m_37.70940_-0.78552_-3,-3,37.7094,-0.78552,1.7416,units,16/11/2022
turbidity,Fko-LYcB0U_NvF-sOx7d_Profundidad: 3m_37.70940_-0.78552_-3,-3,37.7094,-0.78552,1.79224,units,17/11/2022
turbidity,Fko-LYcB0U_NvF-sOx7d_Profundidad: 3m_37.70940_-0.78552_-3,-3,37.7094,-0.78552,1.869663,units,18/11/2022
turbidity,Fko-LYcB0U_NvF-sOx7d_Profundidad: 3m_37.70940_-0.78552_-3,-3,37.7094,-0.78552,2.664424,units,19/11/2022
turbidity,Fko-LYcB0U_NvF-sOx7d_Profundidad: 3m_37.70940_-0.78552_-3,-3,37.7094,-0.78552,2.019843,units,20/11/2022
turbidity,Fko-LYcB0U_NvF-sOx7d_Profundidad: 3m_37.70940_-0.78552_-3,-3,37.7094,-0.78552,1.837518,units,21/11/2022
turbidity,Fko-LYcB0U_NvF-sOx7d_Profundidad: 3m_37.70940_-0.78552_-3,-3,37.7094,-0.78552,1.945267,units,22/11/2022
turbidity,Fko-LYcB0U_NvF-sOx7d_Profundidad: 3m_37.70940_-0.78552_-3,-3,37.7094,-0.78552,2.088155,units,23/11/2022
turbidity,Fko-LYcB0U_NvF-sOx7d_Profundidad: 3m_37.70940_-0.78552_-3,-3,37.7094,-0.78552,2.05127,units,24/11/2022
turbidity,Fko-LYcB0U_NvF-sOx7d_Profundidad: 3m_37.70940_-0.78552_-3,-3,37.7094,-0.78552,1.995773,units,25/11/2022
turbidity,Fko-LYcB0U_NvF-sOx7d_Profundidad: 3m_37.70940_-0.78552_-3,-3,37.7094,-0.78552,2.15219,units,26/11/2022
turbidity,Fko-LYcB0U_NvF-sOx7d_Profundidad: 3m_37.70940_-0.78552_-3,-3,37.7094,-0.78552,2.365665,units,27/11/2022
turbidity,Fko-LYcB0U_NvF-sOx7d_Profundidad: 3m_37.70940_-0.78552_-3,-3,37.7094,-0.78552,2.718733,units,28/11/2022
turbidity,Fko-LYcB0U_NvF-sOx7d_Profundidad: 3m_37.70940_-0.78552_-3,-3,37.7094,-0.78552,2.758941,units,29/11/2022
turbidity,Fko-LYcB0U_NvF-sOx7d_Profundidad: 3m_37.70940_-0.78552_-3,-3,37.7094,-0.78552,2.169387,units,30/11/2022
turbidity,Fko-LYcB0U_NvF-sOx7d_Profundidad: 3m_37.70940_-0.78552_-3,-3,37.7094,-0.78552,2.338217,units,01/12/2022
turbidity,Fko-LYcB0U_NvF-sOx7d_Profundidad: 3m_37.70940_-0.78552_-3,-3,37.7094,-0.78552,2.501649,units,02/12/2022
turbidity,Fko-LYcB0U_NvF-sOx7d_Profundidad: 3m_37.70940_-0.78552_-3,-3,37.7094,-0.78552,1.938639,units,03/12/2022
turbidity,Fko-LYcB0U_NvF-sOx7d_Profundidad: 3m_37.70940_-0.78552_-3,-3,37.7094,-0.78552,1.853766,units,04/12/2022
turbidity,Fko-LYcB0U_NvF-sOx7d_Profundidad: 3m_37.70940_-0.78552_-3,-3,37.7094,-0.78552,1.842566,units,05/12/2022
turbidity,Fko-LYcB0U_NvF-sOx7d_Profundidad: 3m_37.70940_-0.78552_-3,-3,37.7094,-0.78552,2.606177,units,06/12/2022
turbidity,Fko-LYcB0U_NvF-sOx7d_Profundidad: 3m_37.70940_-0.78552_-3,-3,37.7094,-0.78552,2.168389,units,07/12/2022
turbidity,Fko-LYcB0U_NvF-sOx7d_Profundidad: 3m_37.70940_-0.78552_-3,-3,37.7094,-0.78552,1.865015,units,08/12/2022
turbidity,Fko-LYcB0U_NvF-sOx7d_Profundidad: 3m_37.70940_-0.78552_-3,-3,37.7094,-0.78552,1.783407,units,09/12/2022
turbidity,Fko-LYcB0U_NvF-sOx7d_Profundidad: 3m_37.70940_-0.78552_-3,-3,37.7094,-0.78552,1.902148,units,10/12/2022
turbidity,Fko-LYcB0U_NvF-sOx7d_Profundidad: 3m_37.70940_-0.78552_-3,-3,37.7094,-0.78552,1.773082,units,11/12/2022
turbidity,Fko-LYcB0U_NvF-sOx7d_Profundidad: 3m_37.70940_-0.78552_-3,-3,37.7094,-0.78552,1.82471,units,12/12/2022
turbidity,Fko-LYcB0U_NvF-sOx7d_Profundidad: 3m_37.70940_-0.78552_-3,-3,37.7094,-0.78552,1.994433,units,13/12/2022
turbidity,Fko-LYcB0U_NvF-sOx7d_Profundidad: 3m_37.70940_-0.78552_-3,-3,37.7094,-0.78552,1.931768,units,14/12/2022
turbidity,Fko-LYcB0U_NvF-sOx7d_Profundidad: 3m_37.70940_-0.78552_-3,-3,37.7094,-0.78552,1.964566,units,15/12/2022
turbidity,Fko-LYcB0U_NvF-sOx7d_Profundidad: 3m_37.70940_-0.78552_-3,-3,37.7094,-0.78552,2.000942,units,16/12/2022
turbidity,Fko-LYcB0U_NvF-sOx7d_Profundidad: 3m_37.70940_-0.78552_-3,-3,37.7094,-0.78552,1.985379,units,17/12/2022
turbidity,Fko-LYcB0U_NvF-sOx7d_Profundidad: 3m_37.70940_-0.78552_-3,-3,37.7094,-0.78552,2.009332,units,18/12/2022
turbidity,Fko-LYcB0U_NvF-sOx7d_Profundidad: 3m_37.70940_-0.78552_-3,-3,37.7094,-0.78552,1.923285,units,19/12/2022
turbidity,Fko-LYcB0U_NvF-sOx7d_Profundidad: 3m_37.70940_-0.78552_-3,-3,37.7094,-0.78552,1.840265,units,20/12/2022
turbidity,Fko-LYcB0U_NvF-sOx7d_Profundidad: 3m_37.70940_-0.78552_-3,-3,37.7094,-0.78552,1.901085,units,21/12/2022
turbidity,Fko-LYcB0U_NvF-sOx7d_Profundidad: 3m_37.70940_-0.78552_-3,-3,37.7094,-0.78552,1.949625,units,22/12/2022
turbidity,Fko-LYcB0U_NvF-sOx7d_Profundidad: 3m_37.70940_-0.78552_-3,-3,37.7094,-0.78552,1.952993,units,23/12/2022
turbidity,Fko-LYcB0U_NvF-sOx7d_Profundidad: 3m_37.70940_-0.78552_-3,-3,37.7094,-0.78552,1.867261,units,24/12/2022
turbidity,Fko-LYcB0U_NvF-sOx7d_Profundidad: 3m_37.70940_-0.78552_-3,-3,37.7094,-0.78552,1.72915,units,25/12/2022
turbidity,Fko-LYcB0U_NvF-sOx7d_Profundidad: 3m_37.70940_-0.78552_-3,-3,37.7094,-0.78552,1.732821,units,26/12/2022
turbidity,Fko-LYcB0U_NvF-sOx7d_Profundidad: 3m_37.70940_-0.78552_-3,-3,37.7094,-0.78552,1.773926,units,27/12/2022
turbidity,Fko-LYcB0U_NvF-sOx7d_Profundidad: 3m_37.70940_-0.78552_-3,-3,37.7094,-0.78552,1.995338,units,28/12/2022
turbidity,Fko-LYcB0U_NvF-sOx7d_Profundidad: 3m_37.70940_-0.78552_-3,-3,37.7094,-0.78552,1.880956,units,29/12/2022
turbidity,Fko-LYcB0U_NvF-sOx7d_Profundidad: 3m_37.70940_-0.78552_-3,-3,37.7094,-0.78552,1.742704,units,30/12/2022
turbidity,Fko-LYcB0U_NvF-sOx7d_Profundidad: 3m_37.70940_-0.78552_-3,-3,37.7094,-0.78552,1.750227,units,31/12/2022
turbidity,Fko-LYcB0U_NvF-sOx7d_Profundidad: 3m_37.70940_-0.78552_-3,-3,37.7094,-0.78552,1.95308,units,01/01/2023
turbidity,Fko-LYcB0U_NvF-sOx7d_Profundidad: 3m_37.70940_-0.78552_-3,-3,37.7094,-0.78552,2.346064,units,02/01/2023
turbidity,Fko-LYcB0U_NvF-sOx7d_Profundidad: 3m_37.70940_-0.78552_-3,-3,37.7094,-0.78552,2.201472,units,03/01/2023
turbidity,Fko-LYcB0U_NvF-sOx7d_Profundidad: 3m_37.70940_-0.78552_-3,-3,37.7094,-0.78552,1.962364,units,04/01/2023
turbidity,Fko-LYcB0U_NvF-sOx7d_Profundidad: 3m_37.70940_-0.78552_-3,-3,37.7094,-0.78552,1.953349,units,05/01/2023
turbidity,Fko-LYcB0U_NvF-sOx7d_Profundidad: 3m_37.70940_-0.78552_-3,-3,37.7094,-0.78552,2.155074,units,06/01/2023
turbidity,Fko-LYcB0U_NvF-sOx7d_Profundidad: 3m_37.70940_-0.78552_-3,-3,37.7094,-0.78552,1.784967,units,07/01/2023
turbidity,Fko-LYcB0U_NvF-sOx7d_Profundidad: 3m_37.70940_-0.78552_-3,-3,37.7094,-0.78552,1.87211,units,08/01/2023
turbidity,Fko-LYcB0U_NvF-sOx7d_Profundidad: 3m_37.70940_-0.78552_-3,-3,37.7094,-0.78552,2.046115,units,09/01/2023
turbidity,Fko-LYcB0U_NvF-sOx7d_Profundidad: 3m_37.70940_-0.78552_-3,-3,37.7094,-0.78552,1.699131,units,10/01/2023
turbidity,Fko-LYcB0U_NvF-sOx7d_Profundidad: 3m_37.70940_-0.78552_-3,-3,37.7094,-0.78552,1.683543,units,11/01/2023
turbidity,Fko-LYcB0U_NvF-sOx7d_Profundidad: 3m_37.70940_-0.78552_-3,-3,37.7094,-0.78552,1.702093,units,12/01/2023
turbidity,Fko-LYcB0U_NvF-sOx7d_Profundidad: 3m_37.70940_-0.78552_-3,-3,37.7094,-0.78552,1.757226,units,13/01/2023
turbidity,Fko-LYcB0U_NvF-sOx7d_Profundidad: 3m_37.70940_-0.78552_-3,-3,37.7094,-0.78552,1.782686,units,14/01/2023
turbidity,Fko-LYcB0U_NvF-sOx7d_Profundidad: 3m_37.70940_-0.78552_-3,-3,37.7094,-0.78552,1.739504,units,15/01/2023
turbidity,Fko-LYcB0U_NvF-sOx7d_Profundidad: 3m_37.70940_-0.78552_-3,-3,37.7094,-0.78552,1.688118,units,16/01/2023
turbidity,Fko-LYcB0U_NvF-sOx7d_Profundidad: 3m_37.70940_-0.78552_-3,-3,37.7094,-0.78552,2.212962,units,17/01/2023
turbidity,Fko-LYcB0U_NvF-sOx7d_Profundidad: 3m_37.70940_-0.78552_-3,-3,37.7094,-0.78552,8.928387,units,18/01/2023
turbidity,Fko-LYcB0U_NvF-sOx7d_Profundidad: 3m_37.70940_-0.78552_-3,-3,37.7094,-0.78552,3.721861,units,19/01/2023
turbidity,Fko-LYcB0U_NvF-sOx7d_Profundidad: 3m_37.70940_-0.78552_-3,-3,37.7094,-0.78552,1.917997,units,20/01/2023
turbidity,Fko-LYcB0U_NvF-sOx7d_Profundidad: 3m_37.70940_-0.78552_-3,-3,37.7094,-0.78552,1.73119,units,21/01/2023
turbidity,Fko-LYcB0U_NvF-sOx7d_Profundidad: 3m_37.70940_-0.78552_-3,-3,37.7094,-0.78552,1.688874,units,22/01/2023
turbidity,Fko-LYcB0U_NvF-sOx7d_Profundidad: 3m_37.70940_-0.78552_-3,-3,37.7094,-0.78552,1.851108,units,23/01/2023
turbidity,Fko-LYcB0U_NvF-sOx7d_Profundidad: 3m_37.70940_-0.78552_-3,-3,37.7094,-0.78552,1.785402,units,24/01/2023
turbidity,Fko-LYcB0U_NvF-sOx7d_Profundidad: 3m_37.70940_-0.78552_-3,-3,37.7094,-0.78552,1.731395,units,25/01/2023
turbidity,Fko-LYcB0U_NvF-sOx7d_Profundidad: 3m_37.70940_-0.78552_-3,-3,37.7094,-0.78552,1.681316,units,26/01/2023
turbidity,Fko-LYcB0U_NvF-sOx7d_Profundidad: 3m_37.70940_-0.78552_-3,-3,37.7094,-0.78552,1.686168,units,27/01/2023
turbidity,Fko-LYcB0U_NvF-sOx7d_Profundidad: 3m_37.70940_-0.78552_-3,-3,37.7094,-0.78552,1.627421,units,28/01/2023
turbidity,Fko-LYcB0U_NvF-sOx7d_Profundidad: 3m_37.70940_-0.78552_-3,-3,37.7094,-0.78552,1.594057,units,29/01/2023
turbidity,Fko-LYcB0U_NvF-sOx7d_Profundidad: 3m_37.70940_-0.78552_-3,-3,37.7094,-0.78552,1.67062,units,30/01/2023
turbidity,Fko-LYcB0U_NvF-sOx7d_Profundidad: 3m_37.70940_-0.78552_-3,-3,37.7094,-0.78552,1.639916,units,31/01/2023
turbidity,Fko-LYcB0U_NvF-sOx7d_Profundidad: 3m_37.70940_-0.78552_-3,-3,37.7094,-0.78552,1.626686,units,01/02/2023
turbidity,Fko-LYcB0U_NvF-sOx7d_Profundidad: 3m_37.70940_-0.78552_-3,-3,37.7094,-0.78552,1.617321,units,02/02/2023
turbidity,Fko-LYcB0U_NvF-sOx7d_Profundidad: 3m_37.70940_-0.78552_-3,-3,37.7094,-0.78552,1.677101,units,03/02/2023
turbidity,Fko-LYcB0U_NvF-sOx7d_Profundidad: 3m_37.70940_-0.78552_-3,-3,37.7094,-0.78552,1.994045,units,04/02/2023
turbidity,Fko-LYcB0U_NvF-sOx7d_Profundidad: 3m_37.70940_-0.78552_-3,-3,37.7094,-0.78552,1.881964,units,05/02/2023
turbidity,Fko-LYcB0U_NvF-sOx7d_Profundidad: 3m_37.70940_-0.78552_-3,-3,37.7094,-0.78552,1.8459,units,06/02/2023
turbidity,Fko-LYcB0U_NvF-sOx7d_Profundidad: 3m_37.70940_-0.78552_-3,-3,37.7094,-0.78552,1.802607,units,07/02/2023
turbidity,Fko-LYcB0U_NvF-sOx7d_Profundidad: 3m_37.70940_-0.78552_-3,-3,37.7094,-0.78552,1.836984,units,08/02/2023
turbidity,Fko-LYcB0U_NvF-sOx7d_Profundidad: 3m_37.70940_-0.78552_-3,-3,37.7094,-0.78552,1.703279,units,09/02/2023
turbidity,Fko-LYcB0U_NvF-sOx7d_Profundidad: 3m_37.70940_-0.78552_-3,-3,37.7094,-0.78552,1.582916,units,10/02/2023
turbidity,Fko-LYcB0U_NvF-sOx7d_Profundidad: 3m_37.70940_-0.78552_-3,-3,37.7094,-0.78552,1.716823,units,11/02/2023
turbidity,Fko-LYcB0U_NvF-sOx7d_Profundidad: 3m_37.70940_-0.78552_-3,-3,37.7094,-0.78552,2.076694,units,12/02/2023
turbidity,Fko-LYcB0U_NvF-sOx7d_Profundidad: 3m_37.70940_-0.78552_-3,-3,37.7094,-0.78552,1.9612,units,13/02/2023
turbidity,Fko-LYcB0U_NvF-sOx7d_Profundidad: 3m_37.70940_-0.78552_-3,-3,37.7094,-0.78552,1.76018,units,14/02/2023
turbidity,Fko-LYcB0U_NvF-sOx7d_Profundidad: 3m_37.70940_-0.78552_-3,-3,37.7094,-0.78552,2.660452,units,15/02/2023
turbidity,Fko-LYcB0U_NvF-sOx7d_Profundidad: 3m_37.70940_-0.78552_-3,-3,37.7094,-0.78552,2.427114,units,16/02/2023
turbidity,Fko-LYcB0U_NvF-sOx7d_Profundidad: 3m_37.70940_-0.78552_-3,-3,37.7094,-0.78552,1.663024,units,17/02/2023
turbidity,Fko-LYcB0U_NvF-sOx7d_Profundidad: 3m_37.70940_-0.78552_-3,-3,37.7094,-0.78552,1.611202,units,18/02/2023
turbidity,Fko-LYcB0U_NvF-sOx7d_Profundidad: 3m_37.70940_-0.78552_-3,-3,37.7094,-0.78552,1.571602,units,19/02/2023
turbidity,Fko-LYcB0U_NvF-sOx7d_Profundidad: 3m_37.70940_-0.78552_-3,-3,37.7094,-0.78552,1.574502,units,20/02/2023
turbidity,Fko-LYcB0U_NvF-sOx7d_Profundidad: 3m_37.70940_-0.78552_-3,-3,37.7094,-0.78552,1.661383,units,21/02/2023
turbidity,Fko-LYcB0U_NvF-sOx7d_Profundidad: 3m_37.70940_-0.78552_-3,-3,37.7094,-0.78552,1.579108,units,22/02/2023
turbidity,Fko-LYcB0U_NvF-sOx7d_Profundidad: 3m_37.70940_-0.78552_-3,-3,37.7094,-0.78552,1.592962,units,23/02/2023
turbidity,Fko-LYcB0U_NvF-sOx7d_Profundidad: 3m_37.70940_-0.78552_-3,-3,37.7094,-0.78552,1.555403,units,24/02/2023
turbidity,Fko-LYcB0U_NvF-sOx7d_Profundidad: 3m_37.70940_-0.78552_-3,-3,37.7094,-0.78552,1.553521,units,25/02/2023
turbidity,Fko-LYcB0U_NvF-sOx7d_Profundidad: 3m_37.70940_-0.78552_-3,-3,37.7094,-0.78552,1.875478,units,26/02/2023
turbidity,Fko-LYcB0U_NvF-sOx7d_Profundidad: 3m_37.70940_-0.78552_-3,-3,37.7094,-0.78552,5.264702,units,27/02/2023
turbidity,Fko-LYcB0U_NvF-sOx7d_Profundidad: 3m_37.70940_-0.78552_-3,-3,37.7094,-0.78552,2.875407,units,28/02/2023
turbidity,Fko-LYcB0U_NvF-sOx7d_Profundidad: 3m_37.70940_-0.78552_-3,-3,37.7094,-0.78552,1.769484,units,01/03/2023
turbidity,Fko-LYcB0U_NvF-sOx7d_Profundidad: 3m_37.70940_-0.78552_-3,-3,37.7094,-0.78552,1.825751,units,02/03/2023
turbidity,Fko-LYcB0U_NvF-sOx7d_Profundidad: 3m_37.70940_-0.78552_-3,-3,37.7094,-0.78552,1.652076,units,03/03/2023
turbidity,Fko-LYcB0U_NvF-sOx7d_Profundidad: 3m_37.70940_-0.78552_-3,-3,37.7094,-0.78552,1.672551,units,04/03/2023
turbidity,Fko-LYcB0U_NvF-sOx7d_Profundidad: 3m_37.70940_-0.78552_-3,-3,37.7094,-0.78552,1.817021,units,05/03/2023
turbidity,Fko-LYcB0U_NvF-sOx7d_Profundidad: 3m_37.70940_-0.78552_-3,-3,37.7094,-0.78552,2.074311,units,06/03/2023
turbidity,Fko-LYcB0U_NvF-sOx7d_Profundidad: 3m_37.70940_-0.78552_-3,-3,37.7094,-0.78552,1.700389,units,07/03/2023
turbidity,Fko-LYcB0U_NvF-sOx7d_Profundidad: 3m_37.70940_-0.78552_-3,-3,37.7094,-0.78552,1.597289,units,08/03/2023
turbidity,Fko-LYcB0U_NvF-sOx7d_Profundidad: 3m_37.70940_-0.78552_-3,-3,37.7094,-0.78552,1.585899,units,09/03/2023
turbidity,Fko-LYcB0U_NvF-sOx7d_Profundidad: 3m_37.70940_-0.78552_-3,-3,37.7094,-0.78552,1.678285,units,10/03/2023
turbidity,Fko-LYcB0U_NvF-sOx7d_Profundidad: 3m_37.70940_-0.78552_-3,-3,37.7094,-0.78552,1.67757,units,11/03/2023
turbidity,Fko-LYcB0U_NvF-sOx7d_Profundidad: 3m_37.70940_-0.78552_-3,-3,37.7094,-0.78552,1.682452,units,12/03/2023
turbidity,Fko-LYcB0U_NvF-sOx7d_Profundidad: 3m_37.70940_-0.78552_-3,-3,37.7094,-0.78552,1.576708,units,13/03/2023
turbidity,Fko-LYcB0U_NvF-sOx7d_Profundidad: 3m_37.70940_-0.78552_-3,-3,37.7094,-0.78552,1.921975,units,14/03/2023
turbidity,Fko-LYcB0U_NvF-sOx7d_Profundidad: 3m_37.70940_-0.78552_-3,-3,37.7094,-0.78552,1.585106,units,15/03/2023
turbidity,Fko-LYcB0U_NvF-sOx7d_Profundidad: 3m_37.70940_-0.78552_-3,-3,37.7094,-0.78552,1.536526,units,16/03/2023
turbidity,Fko-LYcB0U_NvF-sOx7d_Profundidad: 3m_37.70940_-0.78552_-3,-3,37.7094,-0.78552,1.530291,units,17/03/2023
turbidity,Fko-LYcB0U_NvF-sOx7d_Profundidad: 3m_37.70940_-0.78552_-3,-3,37.7094,-0.78552,1.542073,units,18/03/2023
turbidity,Fko-LYcB0U_NvF-sOx7d_Profundidad: 3m_37.70940_-0.78552_-3,-3,37.7094,-0.78552,1.522819,units,19/03/2023
turbidity,Fko-LYcB0U_NvF-sOx7d_Profundidad: 3m_37.70940_-0.78552_-3,-3,37.7094,-0.78552,1.596418,units,20/03/2023
turbidity,Fko-LYcB0U_NvF-sOx7d_Profundidad: 3m_37.70940_-0.78552_-3,-3,37.7094,-0.78552,1.537455,units,21/03/2023
turbidity,Fko-LYcB0U_NvF-sOx7d_Profundidad: 3m_37.70940_-0.78552_-3,-3,37.7094,-0.78552,1.456667,units,22/03/2023
turbidity,Fko-LYcB0U_NvF-sOx7d_Profundidad: 3m_37.70940_-0.78552_-3,-3,37.7094,-0.78552,1.501908,units,23/03/2023
turbidity,Fko-LYcB0U_NvF-sOx7d_Profundidad: 3m_37.70940_-0.78552_-3,-3,37.7094,-0.78552,1.514385,units,24/03/2023
turbidity,Fko-LYcB0U_NvF-sOx7d_Profundidad: 3m_37.70940_-0.78552_-3,-3,37.7094,-0.78552,1.518682,units,25/03/2023
turbidity,Fko-LYcB0U_NvF-sOx7d_Profundidad: 3m_37.70940_-0.78552_-3,-3,37.7094,-0.78552,1.47839,units,26/03/2023
turbidity,Fko-LYcB0U_NvF-sOx7d_Profundidad: 3m_37.70940_-0.78552_-3,-3,37.7094,-0.78552,1.404814,units,27/03/2023
turbidity,Fko-LYcB0U_NvF-sOx7d_Profundidad: 3m_37.70940_-0.78552_-3,-3,37.7094,-0.78552,1.34369,units,28/03/2023
turbidity,Fko-LYcB0U_NvF-sOx7d_Profundidad: 3m_37.70940_-0.78552_-3,-3,37.7094,-0.78552,1.347162,units,29/03/2023
turbidity,Fko-LYcB0U_NvF-sOx7d_Profundidad: 3m_37.70940_-0.78552_-3,-3,37.7094,-0.78552,1.344569,units,30/03/2023
turbidity,Fko-LYcB0U_NvF-sOx7d_Profundidad: 3m_37.70940_-0.78552_-3,-3,37.7094,-0.78552,1.383517,units,31/03/2023
turbidity,Fko-LYcB0U_NvF-sOx7d_Profundidad: 3m_37.70940_-0.78552_-3,-3,37.7094,-0.78552,1.609145,units,01/04/2023
turbidity,Fko-LYcB0U_NvF-sOx7d_Profundidad: 3m_37.70940_-0.78552_-3,-3,37.7094,-0.78552,1.840408,units,02/04/2023
turbidity,Fko-LYcB0U_NvF-sOx7d_Profundidad: 3m_37.70940_-0.78552_-3,-3,37.7094,-0.78552,1.382257,units,03/04/2023
turbidity,Fko-LYcB0U_NvF-sOx7d_Profundidad: 3m_37.70940_-0.78552_-3,-3,37.7094,-0.78552,1.434093,units,04/04/2023
turbidity,Fko-LYcB0U_NvF-sOx7d_Profundidad: 3m_37.70940_-0.78552_-3,-3,37.7094,-0.78552,1.405277,units,05/04/2023
turbidity,Fko-LYcB0U_NvF-sOx7d_Profundidad: 3m_37.70940_-0.78552_-3,-3,37.7094,-0.78552,1.346107,units,06/04/2023
turbidity,Fko-LYcB0U_NvF-sOx7d_Profundidad: 3m_37.70940_-0.78552_-3,-3,37.7094,-0.78552,1.349411,units,07/04/2023
turbidity,Fko-LYcB0U_NvF-sOx7d_Profundidad: 3m_37.70940_-0.78552_-3,-3,37.7094,-0.78552,1.363154,units,08/04/2023
turbidity,Fko-LYcB0U_NvF-sOx7d_Profundidad: 3m_37.70940_-0.78552_-3,-3,37.7094,-0.78552,1.377825,units,09/04/2023
turbidity,Fko-LYcB0U_NvF-sOx7d_Profundidad: 3m_37.70940_-0.78552_-3,-3,37.7094,-0.78552,1.34806,units,10/04/2023
turbidity,Fko-LYcB0U_NvF-sOx7d_Profundidad: 3m_37.70940_-0.78552_-3,-3,37.7094,-0.78552,1.438072,units,11/04/2023
turbidity,Fko-LYcB0U_NvF-sOx7d_Profundidad: 3m_37.70940_-0.78552_-3,-3,37.7094,-0.78552,1.435,units,12/04/2023
turbidity,Fko-LYcB0U_NvF-sOx7d_Profundidad: 3m_37.70940_-0.78552_-3,-3,37.7094,-0.78552,1.485788,units,13/04/2023
turbidity,Fko-LYcB0U_NvF-sOx7d_Profundidad: 3m_37.70940_-0.78552_-3,-3,37.7094,-0.78552,1.361272,units,14/04/2023
turbidity,Fko-LYcB0U_NvF-sOx7d_Profundidad: 3m_37.70940_-0.78552_-3,-3,37.7094,-0.78552,1.369687,units,15/04/2023
turbidity,Fko-LYcB0U_NvF-sOx7d_Profundidad: 3m_37.70940_-0.78552_-3,-3,37.7094,-0.78552,1.472947,units,16/04/2023
turbidity,Fko-LYcB0U_NvF-sOx7d_Profundidad: 3m_37.70940_-0.78552_-3,-3,37.7094,-0.78552,1.347388,units,17/04/2023
turbidity,Fko-LYcB0U_NvF-sOx7d_Profundidad: 3m_37.70940_-0.78552_-3,-3,37.7094,-0.78552,1.336525,units,18/04/2023
turbidity,Fko-LYcB0U_NvF-sOx7d_Profundidad: 3m_37.70940_-0.78552_-3,-3,37.7094,-0.78552,1.332044,units,19/04/2023
turbidity,Fko-LYcB0U_NvF-sOx7d_Profundidad: 3m_37.70940_-0.78552_-3,-3,37.7094,-0.78552,1.422605,units,20/04/2023
turbidity,Fko-LYcB0U_NvF-sOx7d_Profundidad: 3m_37.70940_-0.78552_-3,-3,37.7094,-0.78552,1.275845,units,21/04/2023
turbidity,Fko-LYcB0U_NvF-sOx7d_Profundidad: 3m_37.70940_-0.78552_-3,-3,37.7094,-0.78552,1.3525,units,22/04/2023
turbidity,Fko-LYcB0U_NvF-sOx7d_Profundidad: 3m_37.70940_-0.78552_-3,-3,37.7094,-0.78552,1.538043,units,23/04/2023
turbidity,Fko-LYcB0U_NvF-sOx7d_Profundidad: 3m_37.70940_-0.78552_-3,-3,37.7094,-0.78552,1.346666,units,24/04/2023
turbidity,Fko-LYcB0U_NvF-sOx7d_Profundidad: 3m_37.70940_-0.78552_-3,-3,37.7094,-0.78552,1.35685,units,25/04/2023
turbidity,Fko-LYcB0U_NvF-sOx7d_Profundidad: 3m_37.70940_-0.78552_-3,-3,37.7094,-0.78552,1.251483,units,26/04/2023
turbidity,Fko-LYcB0U_NvF-sOx7d_Profundidad: 3m_37.70940_-0.78552_-3,-3,37.7094,-0.78552,1.542508,units,27/04/2023
turbidity,Fko-LYcB0U_NvF-sOx7d_Profundidad: 3m_37.70940_-0.78552_-3,-3,37.7094,-0.78552,1.45338,units,28/04/2023
turbidity,Fko-LYcB0U_NvF-sOx7d_Profundidad: 3m_37.70940_-0.78552_-3,-3,37.7094,-0.78552,1.272183,units,29/04/2023
turbidity,Fko-LYcB0U_NvF-sOx7d_Profundidad: 3m_37.70940_-0.78552_-3,-3,37.7094,-0.78552,1.255457,units,30/04/2023
turbidity,Fko-LYcB0U_NvF-sOx7d_Profundidad: 3m_37.70940_-0.78552_-3,-3,37.7094,-0.78552,1.264775,units,01/05/2023
turbidity,Fko-LYcB0U_NvF-sOx7d_Profundidad: 3m_37.70940_-0.78552_-3,-3,37.7094,-0.78552,1.426364,units,02/05/2023
turbidity,Fko-LYcB0U_NvF-sOx7d_Profundidad: 3m_37.70940_-0.78552_-3,-3,37.7094,-0.78552,1.342625,units,03/05/2023
turbidity,Fko-LYcB0U_NvF-sOx7d_Profundidad: 3m_37.70940_-0.78552_-3,-3,37.7094,-0.78552,1.340043,units,04/05/2023
turbidity,Fko-LYcB0U_NvF-sOx7d_Profundidad: 3m_37.70940_-0.78552_-3,-3,37.7094,-0.78552,1.25811,units,05/05/2023
turbidity,Fko-LYcB0U_NvF-sOx7d_Profundidad: 3m_37.70940_-0.78552_-3,-3,37.7094,-0.78552,1.356417,units,06/05/2023
turbidity,Fko-LYcB0U_NvF-sOx7d_Profundidad: 3m_37.70940_-0.78552_-3,-3,37.7094,-0.78552,1.561113,units,26/05/2023
turbidity,Fko-LYcB0U_NvF-sOx7d_Profundidad: 3m_37.70940_-0.78552_-3,-3,37.7094,-0.78552,1.541597,units,27/05/2023
turbidity,Fko-LYcB0U_NvF-sOx7d_Profundidad: 3m_37.70940_-0.78552_-3,-3,37.7094,-0.78552,1.268825,units,28/05/2023
turbidity,Fko-LYcB0U_NvF-sOx7d_Profundidad: 3m_37.70940_-0.78552_-3,-3,37.7094,-0.78552,1.156846,units,29/05/2023
turbidity,Fko-LYcB0U_NvF-sOx7d_Profundidad: 3m_37.70940_-0.78552_-3,-3,37.7094,-0.78552,1.191652,units,30/05/2023